FIPS,CountyName,State,hf_case_fatality,unemployment,no_hs_diploma,pct_black,hospitals,pop_per_pcp,poverty,uninsured_under65,pct_hispanic,urban_rural,diuretic_nonadherence,ras_nonadherence,pm25,heart_disease_prev,cardiac_rehab_participation,ma_penetration,hf_hosp_rate,ffs_beneficiaries,est_hosp_volume
10001,Kent,DE,2.1,4.3,9,26.4,1,1.9,10.2,8.1,8.1,3,23.8,15.7,7.6,34.5,28.8,19.55,18.0,30151,542718.0
10003,New Castle,DE,1.6,3.9,7.4,24.8,3,1.1,10.3,7.1,11.7,2,23.9,16.5,8.6,30.1,47.3,21.3,16.4,80889,1326579.6
10005,Sussex,DE,2.9,3.8,9.8,9.7,2,1.7,9.5,9.1,11.5,4,22.4,15.2,7.6,36.4,36.1,15.78,13.6,62924,855766.4
11001,District of Columbia,DC,2.6,5.3,7.3,41.6,7,0.8,16.4,3.2,11.9,1,27.4,21.6,8.9,24.1,15.3,22.49,17.6,73200,1288320.0
12001,Alachua,FL,2.4,3.8,5.5,18.9,3,0.7,22.9,11.1,12.5,3,26.2,18.4,7.1,30.3,21.2,29.02,14.8,32474,480615.2
12005,Bay,FL,2.7,3.3,8.6,9.8,2,2.1,11.6,14.9,9.1,3,28.7,20.3,8.4,35.7,16.6,30.22,14.1,25863,364668.3
12009,Brevard,FL,3,3.5,6.7,9.3,7,1.5,10.1,11.9,12.2,3,25.7,18.5,6.7,34.6,27.9,43.69,13.0,89315,1161095.0
12011,Broward,FL,2.3,3.2,9.6,27.3,13,1.4,11.7,12.9,32.7,2,26.1,17.8,8.9,34.8,19.9,59.36,14.8,134894,1996431.2
12015,Charlotte,FL,2.8,4.1,7.5,5,3,1.7,9.3,12.4,8.2,3,24.4,17.2,7.7,39.1,33.9,41.7,13.7,41314,566001.8
12017,Citrus,FL,2.3,4.9,8.6,1.7,2,2.2,13.5,14,6.9,3,26,17,7.8,37.3,22.6,45.16,17.4,32810,570894.0
12019,Clay,FL,2.5,3.4,7.5,11.6,2,1.8,9.1,10.4,11.4,2,26.8,18.7,8.5,35.6,12.7,32.79,15.9,29587,470433.3
12021,Collier,FL,2.6,3.3,10,6.3,2,1.3,10.4,18.1,28.1,3,24.6,17.1,7.7,34.9,38.1,29.65,12.2,73057,891295.4
12031,Duval,FL,2.5,3.5,8.7,28.1,8,1.2,12.2,12,12.3,1,28.3,20.4,8.6,34.9,31.4,43.59,17.5,94963,1661852.5
12033,Escambia,FL,2,3.6,9.1,20.7,4,1.3,14.5,14.1,6.9,3,25.9,18.3,9,33.2,21.2,38.1,17.5,44056,770980.0
12053,Hernando,FL,3.3,4,9.6,4.7,2,1.8,10.4,12.8,16.9,2,23.4,16.8,7.9,42.6,6.8,59.76,17.0,24076,409292.0
12055,Highlands,FL,2.3,4.8,13.4,9.2,2,1.8,15.5,16.7,22.1,3,26,19.3,7.5,39.5,18.4,43.84,16.8,18974,318763.2
12057,Hillsborough,FL,2.4,3.4,10.3,15.3,9,1.3,11.7,12.6,30.3,1,25.1,17.8,7.8,35.9,20.1,54.62,18.5,109548,2026638.0
12061,Indian River,FL,2.7,4,8,7.7,2,1.6,9.2,14.7,13.8,3,23.9,16.9,7.1,33.5,31.8,32.76,11.7,36654,428851.8
12069,Lake,FL,2,3.5,8.6,10.1,4,1.8,9,13.3,18.7,2,25.5,17.8,8.1,40.3,32.3,45.52,14.8,57927,857319.6
12071,Lee,FL,2.4,3.5,9.7,7.6,4,1.7,11.4,15.7,24.7,3,24.8,16.8,7.4,35.2,45.1,40.18,14.7,119693,1759487.1
12073,Leon,FL,3,3.4,6.2,30.1,2,1.1,21.3,10.4,8.1,3,27.1,19.6,7.7,31.4,17.7,52.87,17.0,22044,374748.0
12081,Manatee,FL,1.9,3.5,9.1,7.6,3,1.6,9.8,13.8,18.3,3,23.8,16.4,8,36.6,21.4,41.36,12.5,61343,766787.5
12083,Marion,FL,2.4,4.2,10.4,11.5,2,2,14.3,14.2,17,3,25.6,17.4,8.1,40.3,34.5,51.15,16.3,58210,948823.0
12085,Martin,FL,2.1,3.5,7,4.6,1,1.6,8.6,14.2,15.9,3,25.6,17.6,7.4,33.9,28,33.87,12.6,31054,391280.4
12086,Miami-Dade,FL,3.4,2.4,16.1,14,19,1.2,14.2,14.8,69.3,1,23.7,16.5,7.7,35.8,10,72.22,16.5,131954,2177241.0
12091,Okaloosa,FL,3.1,3.1,6.7,9.1,4,1.5,10.6,12,11.3,3,27.1,18.4,9.1,33.6,26.3,23.18,15.2,32068,487433.6
12095,Orange,FL,1.9,3.3,9.4,19,5,1.1,12.4,12.8,33.8,1,27.2,19.3,6.5,37.6,19.1,54.02,20.3,88599,1798559.7
12097,Osceola,FL,2,3.5,10.5,9.8,3,2.5,13,12.7,55.9,2,27.9,18.6,8.3,37.1,14.5,65.3,21.9,21724,475755.6
12099,Palm Beach,FL,2.5,3.3,10.8,18,13,1.3,11.7,15.5,24.4,2,26.9,18.1,6.7,37.7,32.2,42.39,12.4,190035,2356434.0
12101,Pasco,FL,1.9,3.7,8.5,6,7,1.7,10.7,11.8,18.6,2,24.5,16.6,8.3,39,16.6,60.47,17.8,53616,954364.8
12103,Pinellas,FL,2.5,3.2,7.2,9.4,11,1,10.8,13.4,11.2,1,25,16.5,7.7,34.7,30.3,53.5,14.7,115500,1697850.0
12105,Polk,FL,2.6,4.2,12.1,14,5,2.3,13.4,14.6,29.1,3,25.7,18.3,7.7,35.8,18.6,58.82,16.8,65620,1102416.0
12111,St. Lucie,FL,1.5,3.9,10.8,20.8,2,2.9,11.5,14.2,21.8,3,25.1,18.2,7.4,36.1,14.7,46.54,18.5,44054,814999.0
12115,Sarasota,FL,2.2,3.5,5.2,3.8,4,1.3,8.6,13.1,10.6,3,22.9,15.8,6.8,34.5,35.6,34.75,11.4,96391,1098857.4
12117,Seminole,FL,1.8,3.1,6,11.1,2,1.3,9,10.3,23.9,2,26.3,17.7,6.9,38.4,15.6,47.51,18.6,43212,803743.2
12127,Volusia,FL,2.3,3.8,7.9,10.3,6,1.4,10.8,12,16.3,3,26,17,7.5,34.8,21.5,54.16,16.2,69497,1125851.4
13021,Bibb,GA,3.1,4.4,12.6,54.6,4,0.7,23.4,12.9,4.7,3,28.9,22.3,9.2,34.6,20.1,46.35,18.6,16642,309541.2
13051,Chatham,GA,3.8,3,8.9,38.3,3,1.1,13.9,13.4,8.2,3,26.5,20.9,9,28.2,42.8,45.14,14.8,28127,416279.6
13057,Cherokee,GA,5.2,2.8,7.5,7,1,2.6,6.8,11.7,12.4,2,26.3,16.7,10.4,33.5,50,40.37,15.6,26121,407487.6
13063,Clayton,GA,2.9,4.3,14.5,68.5,1,4.1,17.4,15.8,14.5,2,29.6,23,8.7,26.3,10.6,56.77,18.1,15990,289419.0
13067,Cobb,GA,2.7,3.2,7,26.3,2,1.3,8.7,11.8,15,2,26.2,17.9,8.6,32,43.3,40.11,16.0,63988,1023808.0
13089,DeKalb,GA,2.7,3.6,9.2,50.3,4,0.9,12.7,13.4,10.5,2,27.8,20.4,9.6,27,28.8,51.06,16.5,52044,858726.0
13095,Dougherty,GA,5.7,4.8,14,70.1,1,1,23.6,13.8,3.2,3,28.8,21.1,10.8,26.1,40.8,47.84,16.7,9076,151569.2
13121,Fulton,GA,2.2,3.5,6.2,42.1,6,0.9,11.3,10.1,8.1,1,28.6,20.5,9.5,29.1,30.2,45.83,16.2,75620,1225044.0
13135,Gwinnett,GA,2.3,3.1,12.1,27.7,3,1.4,10.4,16.8,23.7,2,27.5,18.8,10.8,30,22.3,47.57,13.8,58371,805519.8
13139,Hall,GA,4,2.7,19,6.6,1,1.4,10.1,17,29.1,3,27.3,18.2,9.3,33.9,43.4,39.82,15.5,22059,341914.5
13153,Houston,GA,3,2.9,7.5,32.2,1,1.9,11.9,11.5,7.5,3,28.9,21.6,10.1,38.6,19.8,29.95,18.4,18342,337492.8
13185,Lowndes,GA,4,3.8,9.9,36.9,1,1.7,18.1,13.2,7.1,3,28.6,21.3,7.5,31.7,37.6,32.24,18.0,12799,230382.0
13215,Muscogee,GA,3.3,4,10.5,46.1,2,0.9,17.3,12.3,8.5,3,27.6,22.3,9.1,34.3,37.5,41.14,16.1,21031,338599.1
13245,Richmond,GA,4,5,12.2,55.7,5,1,19,13.8,5.7,3,27.2,22.1,10.7,27.4,32.2,46.24,14.9,20093,299385.7
15001,Hawaii,HI,3.9,3,6.8,0.7,5,1.4,15.7,4.6,11.6,4,25.8,16.8,3.3,23,10.5,36.48,9.1,29464,268122.4
15003,Honolulu,HI,5,2.5,6.8,2.1,9,1.1,8.8,3.6,9.4,3,27.1,16.3,3.9,22.2,4.3,50.53,7.5,92540,694050.0
16001,Ada,ID,4.5,3.2,4.8,1.2,4,1.1,8.9,7.9,9.8,3,21.1,14.7,5.4,25.1,43.9,51.55,8.9,41268,367285.2
17019,Champaign,IL,3.9,4.3,4.9,13.3,2,0.9,18.8,6.5,8.2,3,20.7,15.5,8.1,30.4,45,49.73,25.3,15247,385749.1
17029,Coles,IL,5.2,3.9,8.9,3.5,1,1.4,14.5,5.9,3.8,4,21.3,14.5,9,36.5,51.5,23.67,27.5,7493,206057.5
17031,Cook,IL,2.6,5.3,11.4,21.8,46,1,13.7,9,26.7,1,24.7,18.3,10.8,30.2,33.7,33.2,20.8,553687,11516689.6
17043,DuPage,IL,2.3,4.3,7,4.8,7,0.8,6.3,5.8,16,2,21.5,14.8,11,31.4,51.8,27.0,16.2,118590,1921158.0
17089,Kane,IL,1.3,5,12.6,4.7,4,2.5,7.3,8.6,33.3,2,21.9,15.6,8.8,30.9,46.8,29.5,17.3,57061,987155.3
17097,Lake,IL,2.1,5.1,9.4,6.3,4,1,7.8,6.9,24.8,2,21.4,15.1,9.8,29.6,42.1,20.89,16.7,90427,1510130.9
17099,La Salle,IL,3.1,5.7,8.2,2.4,2,2.9,12.8,5.9,11.1,4,19.5,12.7,9.7,31.3,43.8,17.04,18.5,20168,373108.0
17111,McHenry,IL,1.5,4.5,6.3,1.3,3,2.2,6.3,5.3,16,2,22.1,15.5,7.8,33.6,38.9,20.5,20.5,43034,882197.0
17113,McLean,IL,3.6,3.9,4.1,8.3,2,1.7,11.6,5.4,6.4,3,19.7,12.8,9.4,31.1,53.9,33.87,17.5,18078,316365.0
17115,Macon,IL,4.2,5.8,6.9,16.2,2,1.1,16.7,5,2.8,3,21.6,16.6,9.5,39.9,36.5,21.74,22.3,18981,423276.3
17119,Madison,IL,2.8,4.3,6.1,7.6,5,2.1,9.6,5.4,4.3,2,21.7,15.5,11.2,34.4,33.7,40.45,22.3,32903,733736.9
17143,Peoria,IL,4.1,5.4,6.6,17.2,3,0.7,15.3,5.8,6,3,19.9,13.3,8,29.7,47.3,37.94,17.6,22598,397724.8
17161,Rock Island,IL,3.1,5.5,9.3,10.9,2,2.1,12.6,6.5,14.2,3,20.9,15.1,8.6,37.6,40.3,43.45,15.9,17613,280046.7
17163,St. Clair,IL,2.3,4.7,6.5,27.6,3,1.5,12.7,5.8,5,2,23.2,17.4,9.2,35.6,42.5,41.14,23.0,29116,669668.0
17167,Sangamon,IL,4.7,4.3,5.9,12.5,2,0.8,9.7,5.5,2.9,3,21.3,15.3,8.2,37.6,49.8,41.82,22.3,24292,541711.6
17179,Tazewell,IL,5,4.5,5.7,1.5,2,2.3,8.3,5.2,2.6,3,19.5,13.3,9.2,31.1,50,32.95,16.5,19414,320331.0
17183,Vermilion,IL,3.2,5.9,9,14.6,3,2.7,17.3,5.8,5.5,4,20.9,16,9,34,39,43.34,32.4,9926,321602.4
17197,Will,IL,2.1,5.1,8.2,11.5,3,1.9,7.7,5.5,19.7,2,22,15.7,9.8,34.5,38.6,29.36,22.5,75595,1700887.5
17201,Winnebago,IL,2.4,5.6,11.2,11.5,2,1.3,14.8,7.3,15.5,3,21.8,15.2,10.3,30.7,42.1,41.43,18.2,34699,631521.8
18003,Allen,IN,3.4,3.8,9.7,10.4,5,1.3,12.3,9.3,9,3,20.9,15.9,8.9,31.9,50.6,53.38,12.4,31590,391716.0
18035,Delaware,IN,2.8,4.6,9.5,5.1,1,0.9,20.5,8.1,3.2,3,22.6,16.8,8.3,32.6,35.9,34.69,22.2,15471,343456.2
18039,Elkhart,IN,3.4,4.8,17.8,4.6,2,2.1,10.8,13,20,3,22.7,16.2,8.2,33.2,55.5,38.19,11.5,21628,248722.0
18057,Hamilton,IN,3.6,3.2,2.7,4.4,6,0.7,4.7,4.3,5.6,2,20.2,14.8,10.2,31.9,54.8,33.9,11.6,32244,374030.4
18067,Howard,IN,4.1,6.6,8.2,7.3,2,1.8,13.6,7,4.1,3,23.5,17.8,7.3,35.7,50.3,35.15,17.2,12793,220039.6
18081,Johnson,IN,3.8,3.4,7.7,3.2,1,1.2,7.3,5.8,4.3,2,22,15.6,9.8,34.2,42.8,36.77,16.7,17988,300399.6
18089,Lake,IN,3.3,5.5,9.8,22.7,9,1.9,13.3,7.4,20.9,2,25.7,19.6,10.3,35.8,37.6,34.88,27.3,62055,1694101.5
18091,LaPorte,IN,3,4.5,9.2,10.3,2,2.6,13.6,8.1,7.5,3,21.7,16.5,7.9,34.7,41.8,28.02,23.4,16967,397027.8
18095,Madison,IN,3.2,4.1,9.2,6,3,2.3,14.6,8.1,5.3,2,22.1,16.7,8.4,34,41.3,46.13,18.1,15868,287210.8
18097,Marion,IN,2.7,4.1,11.9,27.1,8,1.2,15.8,9.5,13.7,1,23.7,17.4,12.6,32.3,37.5,42.83,19.3,84042,1622010.6
18127,Porter,IN,3.4,4.3,6,4.2,1,1.9,8.5,6.1,11.6,2,21.7,16.7,8.3,34.1,41.2,31.48,19.9,23473,467112.7
18141,St. Joseph,IN,3,4.7,8.5,12.2,2,1.1,15.4,9.4,10.5,3,22.4,16.1,8.5,29.3,43,41.1,14.7,29612,435296.4
18157,Tippecanoe,IN,4.4,3.7,7.7,6.1,2,1.5,16.8,7.8,10.3,3,20.4,14.1,8.8,30.8,44.2,29.08,15.1,18112,273491.2
18163,Vanderburgh,IN,3.5,3.9,8.5,8.4,2,1.3,12.8,7.2,3.7,3,21.9,15.4,8.7,31.9,39.7,34.88,21.5,24532,527438.0
18167,Vigo,IN,3.2,4.2,9.3,5.7,2,1.3,18.3,8.2,3.2,3,26.1,18.9,10.2,40.3,39.8,27.3,23.1,16092,371725.2
19153,Polk,IA,3.2,3.2,7.5,7.2,4,1.1,10.2,6.7,10.3,3,21.4,13.9,7.6,30.1,51.1,31.71,12.9,52950,683055.0
19163,Scott,IA,3.1,3.8,5.9,7,2,1,11.7,5.2,7.3,3,20.4,13.3,9.6,30.7,26.8,34.03,15.1,22142,334344.2
19193,Woodbury,IA,6.1,3.1,12.4,4.8,2,1.4,13.6,8.1,19.1,3,21.8,13.9,7.5,27.5,57,31.56,13.6,12801,174093.6
20091,Johnson,KS,2.7,3.2,3.4,4.8,7,0.8,6,6.1,9.3,2,22.2,14.5,6.2,33.3,51.5,33.72,13.6,66456,903801.6
20173,Sedgwick,KS,2,3.9,10.5,7.5,6,1.1,12.5,11.6,16.5,3,25.2,17.3,6.3,34.1,22.8,29.42,12.9,64141,827418.9
20177,Shawnee,KS,3.4,3.7,6.7,6.5,3,1.4,12,9.5,13.8,3,21.6,14.3,9.3,29.1,52.2,19.4,16.5,31716,523314.0
21059,Daviess,KY,3.6,4.7,8.1,4,1,1.5,14.2,5.8,4.2,3,25.7,16.9,8.7,40.8,35.6,34.52,17.3,14529,251351.7
21067,Fayette,KY,3.1,4,7.9,14.3,5,0.8,12.7,7.2,9.5,3,24.8,17.3,8.2,28.9,41.9,44.13,13.5,28206,380781.0
21093,Hardin,KY,3.9,4.9,7.6,10.6,1,1.9,12.7,6.2,6.4,3,24.4,17.4,7.7,32.3,34.4,30.32,21.5,14449,310653.5
21111,Jefferson,KY,3.1,4.6,8.7,20.5,6,1.1,14.6,6.2,8.5,1,24.4,17.6,10.5,30.8,44.4,40.43,20.0,89183,1783660.0
22015,Bossier,LA,3.6,3.9,9.1,23.5,0,2.1,16.5,7.8,8.3,3,28.4,19.8,10.3,35,44.3,29.28,20.4,15206,310202.4
22017,Caddo,LA,3.6,4.5,12.1,48.6,5,0.7,22.1,8.5,3.8,3,29.5,20.6,10.7,33.5,33.7,34.49,20.2,33292,672498.4
22019,Calcasieu,LA,2.5,4.5,10.2,23.3,4,1.3,15.5,7.5,5.3,3,27.3,19.8,6.8,36.7,12.6,24.76,17.6,28246,497129.6
22033,East Baton Rouge,LA,2.5,4.2,9.2,43.5,5,1.1,22.2,7.7,6.8,3,28.1,20.9,9.5,32.1,28.4,52.73,16.3,36040,587452.0
22051,Jefferson,LA,2.9,3.9,13.7,25.1,4,1,17.1,10.9,18.8,3,24.3,18,7.7,31.3,37.1,63.89,21.5,31994,687871.0
22055,Lafayette,LA,2.6,3.5,9.8,25.3,3,0.9,16.5,9.6,6.7,3,26.3,18.2,8,39.4,27,25.83,14.7,29718,436854.6
22071,Orleans,LA,3.3,4.9,10.4,53.8,3,0.8,21.3,7.9,8.1,3,27.6,21.1,7.8,27.4,23,57.6,18.1,27661,500664.1
22073,Ouachita,LA,2.8,4.5,11.6,37.1,3,1,19.6,8.3,3.7,3,27.7,19.9,7.3,36.9,26,35.11,20.7,18886,390940.2
22079,Rapides,LA,3.4,4,12.1,30.7,3,1.2,18.8,8.8,4.2,3,27.7,21.4,7.5,39.1,28.8,26.82,16.7,20592,343886.4
22103,St. Tammany,LA,3.1,3.8,8,12,4,1.2,10.2,7.1,8.2,3,26.4,18.3,8.9,39,37.4,54.43,17.9,24513,438782.7
22105,Tangipahoa,LA,3.2,4.8,16.3,29.2,3,2.5,19.4,8.3,5.7,3,29,20.1,7.8,38.1,28,46.49,27.0,12865,347355.0
22109,Terrebonne,LA,3.6,3.9,15.9,18.3,2,1.8,18,9.1,7.2,3,27.4,18.5,7.5,42.9,10.2,35.34,19.8,13859,274408.2
23003,Aroostook,ME,4.6,4.1,8.9,0.7,4,1,14.9,9,1.7,4,20.3,14.3,6,33.9,22.4,32.63,12.3,13651,167907.3
23005,Cumberland,ME,3.2,2.4,3.2,3.3,4,0.6,8,6.2,2.8,3,20,13.6,9.2,26.3,33.1,50.49,12.9,32946,425003.4
23011,Kennebec,ME,5.5,2.9,5.2,0.8,3,0.9,11.2,7.4,2.2,4,20,14,6.1,28.2,27.3,49.24,12.0,16315,195780.0
23019,Penobscot,ME,3.7,3.2,5.2,1.1,4,0.8,14.2,8.1,2,3,20.4,14.4,4.3,28.6,15.8,40.06,16.2,22434,363430.8
23031,York,ME,2.9,2.7,4.6,1.1,2,1.6,7.5,6.7,2.1,3,20.2,13.5,7.3,28.6,36.6,41.48,15.1,30577,461712.7
24001,Allegany,MD,5.8,4.7,9.6,6.8,1,2,16.6,6.1,1.9,4,25.5,16.2,7.2,34.1,31.7,4.51,15.6,16124,251534.4
24003,Anne Arundel,MD,3,2.8,6.4,17.6,2,1.5,6.6,5.6,10.4,2,23,16.3,8.5,29.4,34.7,11.51,14.7,85965,1263685.5
24005,Baltimore,MD,2.6,3.3,8.3,30.1,4,1.1,9.3,6.4,7.7,2,25.2,17.7,8.3,30.8,23.3,14.58,16.4,138653,2273909.2
24013,Carroll,MD,2.7,2.5,4.7,4,1,2.3,5.8,4.4,5,2,23.8,15.9,8.5,33.7,35,9.81,12.4,30279,375459.6
24021,Frederick,MD,2.7,2.7,6.6,10,1,1.8,5.3,5.7,12.8,2,23,15.2,8.5,34.6,30.5,10.26,10.6,39336,416961.6
24025,Harford,MD,2.5,2.9,4.9,14.1,1,2,6.9,4.9,5.7,2,24.4,16.1,7,31.8,26.2,9.9,13.7,44279,606622.3
24027,Howard,MD,3.3,2.7,5,19.6,1,0.5,5.5,4.5,8.6,2,23,16.1,7.4,26.8,41.1,11.6,10.5,43648,458304.0
24031,Montgomery,MD,3.9,2.8,8.7,18.2,7,0.8,7.5,7.9,21,2,24.4,17.5,6.1,24.9,37.9,14.29,8.0,145432,1163456.0
24033,Prince George's,MD,2.9,3.4,13.4,58.1,4,2.1,10.4,11.4,22.5,2,26.6,20.4,7.2,24.9,23,17.66,17.4,112131,1951079.4
24045,Wicomico,MD,4.4,3.6,9.2,26.4,1,1.4,16,8.3,7.1,3,24.9,17.5,7.4,33.4,29.1,6.48,10.6,18579,196937.4
24510,Baltimore City,MD,1.8,4.3,12.3,58.5,10,0.8,18,7.2,8.2,1,29.6,23.5,8.6,29.2,15,20.54,21.9,79020,1730538.0
25001,Barnstable,MA,4.5,4.7,3.8,2.7,2,1.2,8.6,3.1,3.6,3,21,13.8,6.1,29.8,24.3,17.68,12.2,64227,783569.4
25003,Berkshire,MA,5.2,4,5.9,2.5,2,0.8,11.3,2.8,5.8,3,23,14.7,7.2,29.4,45.8,10.31,18.4,31446,578606.4
25005,Bristol,MA,3.2,4.6,13.3,4,5,1.8,10.2,3.9,10.1,2,20.8,13.9,6.7,32.3,26,23.16,19.7,94312,1857946.4
25009,Essex,MA,2.9,4.1,9.9,3.4,5,1.4,9.3,3.6,24,2,21.3,14,6.5,30.3,27.7,26.7,19.0,118502,2251538.0
25011,Franklin,MA,4.3,3.6,5.5,1.2,1,1.6,10.2,3,5.4,4,20.3,14.1,6.7,27.6,39.4,23.06,19.5,14532,283374.0
25013,Hampden,MA,3.3,5,12.8,7.6,5,1.4,16,3.8,27,3,21.1,15.1,7.7,29.2,44.1,36.99,24.4,65043,1587049.2
25015,Hampshire,MA,4.3,3.8,4.6,2.4,1,0.9,12.3,2.4,7.3,3,20.5,13.5,5.5,26,51.5,23.12,16.4,27071,443964.4
25017,Middlesex,MA,3.5,3.5,6.8,4.7,9,0.8,7.8,2.4,9.2,2,20.7,13.9,6.9,28.8,23.5,28.07,17.9,197671,3538310.9
25021,Norfolk,MA,3.3,3.6,5.6,7.1,3,0.8,6.4,2.1,5.8,2,21,14,7.7,29,29.2,24.3,19.3,101610,1961073.0
25023,Plymouth,MA,3.7,4.1,6.9,7.7,3,1.6,7.3,2.7,4.8,2,21,13.9,6.8,31.6,31.2,21.72,18.7,89564,1674846.8
25025,Suffolk,MA,3.4,3.9,12.5,17.1,8,0.6,15.5,3.6,23.2,1,22.1,16.5,8.1,28.4,19.7,32.55,23.6,72675,1715130.0
25027,Worcester,MA,3.4,4,8.8,4.7,7,1.1,9.6,3.2,13.7,3,20.6,13.6,8.2,31.2,26.5,37.24,18.4,100483,1848887.2
26017,Bay,MI,3.9,5.5,8.1,1,1,2.2,11.8,5.6,5.9,3,22.3,16.3,6.8,40.8,31.1,45.96,24.1,14522,349980.2
26021,Berrien,MI,2,5,7.7,13,2,1.2,13.4,7,6.3,3,24.4,16.4,8.6,30.5,48.6,40.94,17.2,21377,367684.4
26025,Calhoun,MI,3.8,5.2,8.6,9.5,2,2,14.5,6.1,5.9,3,23.7,16.8,8.5,32,32.6,37.16,16.4,19518,320095.2
26049,Genesee,MI,3.3,5.6,8.4,19.1,3,1.2,18,5.9,4.2,3,28,20.4,7.5,37,21.2,55.67,21.3,40239,857090.7
26055,Grand Traverse,MI,4.4,3.9,4.3,0.8,1,0.7,8.4,5.1,3.3,3,21.2,14.4,6.2,29.4,48.3,48.81,14.7,11684,171754.8
26065,Ingham,MI,3.6,4.5,6.3,11,2,0.8,18.1,5.4,8.7,3,24.8,17,7.1,31.2,31.9,47.04,17.7,26122,462359.4
26075,Jackson,MI,2.3,4.8,7.6,7.3,1,2.1,11.3,4.8,4,3,23.8,17.1,8.6,32.9,22.8,40.21,20.7,21071,436169.7
26077,Kalamazoo,MI,3.3,4.1,5.3,10.7,2,0.9,11.6,5,5.9,3,22.5,16.5,7.3,30.6,42.4,52.33,14.9,23801,354634.9
26081,Kent,MI,1.8,3.9,7.7,9.4,3,1,9.2,5.8,11.6,1,20.9,15.1,8.1,31.3,38.3,62.15,15.0,41547,623205.0
26093,Livingston,MI,3.7,3.3,3.6,0.5,1,2,5.4,3.4,2.9,2,22.5,15.7,9.1,32.6,53,44.78,18.2,22038,401091.6
26099,Macomb,MI,2.9,4.5,9.2,12.6,3,1.7,10.8,5.5,3.1,2,24.9,16.8,7.3,38,26.1,46.18,26.1,96260,2512386.0
26121,Muskegon,MI,2.9,5.1,7.9,11.9,1,1.8,16.8,5.4,6.2,3,23.5,16.2,7.9,31.7,45.7,59.16,18.8,16160,303808.0
26125,Oakland,MI,3,3.6,4.9,12.6,10,0.7,7.6,4.3,5,2,24.9,17.6,7.8,34.4,30,43.49,20.7,139393,2885435.1
26145,Saginaw,MI,2.8,5.8,8.4,18,3,1.1,16.8,5.3,9.2,3,24,18.5,7.9,34,33,52.87,19.2,21560,413952.0
26147,St. Clair,MI,3,4.5,8,2.1,3,2.4,10.9,5.2,3.6,2,24.6,16.9,7.6,37.1,22.8,45.61,23.4,20598,481993.2
26161,Washtenaw,MI,3.2,3.8,4,11.2,5,0.6,13.9,4.2,5.7,3,23.2,16.5,8.7,27.2,51.2,39.62,15.5,36729,569299.5
26163,Wayne,MI,2.3,5.5,12,36.5,14,1.4,22.1,6.3,6.8,1,28.3,21.1,12.7,34.8,23,51.12,28.5,161615,4606027.5
27003,Anoka,MN,3,3.1,5.6,8.8,1,2.2,6.9,4.7,5.8,2,19.6,13.5,6.9,31.3,48.1,55.21,18.5,26457,489454.5
27037,Dakota,MN,3,2.9,4.8,7.6,1,1.6,7.1,4.4,8.6,2,19.2,12.3,7,29.8,56.3,50.13,15.6,35872,559603.2
27053,Hennepin,MN,3.4,2.9,5.9,13.3,8,0.8,9.5,4.8,7.8,1,19.8,13.8,8.3,27.5,53.3,51.96,14.3,97027,1387486.1
27123,Ramsey,MN,3.3,3.1,8.3,12.1,3,1,13.3,6.1,8.3,1,20.2,14.4,8.1,28.6,58,50.61,15.1,45414,685751.4
27137,St. Louis,MN,6,3.5,4.9,1.6,8,0.8,12.7,5,1.9,3,18.9,12.1,6.1,27.7,53.7,60.71,13.0,18661,242593.0
28033,DeSoto,MS,4,2.9,8.3,32.6,2,3.3,9.6,10.2,5.7,2,28.1,20.8,8.2,38.6,31.3,23.85,20.3,22488,456506.4
28047,Harrison,MS,3.8,2.9,10.6,23.3,5,2,15.9,13.1,6.9,3,28.4,20.6,9.2,33.7,16.5,29.27,19.7,28623,563873.1
28049,Hinds,MS,2.5,3.2,11.3,71.7,5,1,22.2,12.9,2.1,3,27.8,23,9.8,28,26.6,37.05,17.2,27096,466051.2
28059,Jackson,MS,4.2,3,11,18.8,1,2.3,13.8,12.3,7.6,3,27.8,20.8,8.6,34.7,45.4,31.62,20.2,19653,396990.6
28067,Jones,MS,4.9,2.6,12.7,28.2,1,1.8,19.2,13.6,6.2,4,31.6,23.7,9.7,39.4,37.5,28.55,17.9,10171,182060.9
28121,Rankin,MS,4.4,2.3,9.7,20.9,2,1.6,8.9,9.6,3.3,3,26.6,19.4,10.2,32.2,28.5,24.25,13.4,21501,288113.4
29047,Clay,MO,2.7,3.3,5.8,6.8,3,1.6,8.9,7.2,7.9,2,24.5,15.7,6.2,34.6,53.2,35.25,15.9,27755,441304.5
29077,Greene,MO,4.5,3.3,6,2.9,2,1.1,10.5,9.7,5.1,3,24.4,15.6,7.2,29.9,56.4,50.62,15.4,29399,452744.6
29095,Jackson,MO,1.9,3.9,8.3,22,10,1.1,14.3,10.5,11.4,1,24.7,16.7,9.6,33.4,42.2,45.54,18.7,68734,1285325.8
29097,Jasper,MO,5,3.6,10.9,1.6,2,1.3,13.5,12.2,9.8,3,26.2,17.8,9,33.9,41.4,35.16,16.8,15374,258283.2
29099,Jefferson,MO,3.6,3.4,8,1,1,4.1,9.3,7.7,2.6,2,23.2,15.4,6.6,38.1,40.5,55.51,26.0,19836,515736.0
29183,St. Charles,MO,3.2,3.1,4.3,5,4,2.4,6.3,5.1,4.1,2,20.6,14.3,9.6,33.4,43.4,49.39,17.3,36468,630896.4
29189,St. Louis,MO,3.2,3.7,5.5,24,10,0.8,9.8,6.7,3.8,2,22.8,15.9,9.2,31.9,41.7,46.44,19.1,110998,2120061.8
29510,St. Louis City,MO,3.2,4.2,9.2,42.1,3,0.8,21.8,8.4,5.3,1,24.7,19.7,10.7,30.9,33.2,50.01,27.0,24672,666144.0
30063,Missoula,MT,6.1,2.9,3.4,0.4,2,0.8,9.2,9.2,5,3,21.2,13.8,8.5,25,68,20.75,10.3,18460,190138.0
30111,Yellowstone,MT,3.7,2.8,4.5,0.4,2,0.9,8.3,10.1,6.5,3,20,12.2,6,28.1,42.6,26.17,13.3,23813,316712.9
31055,Douglas,NE,4,3,8.6,10.2,6,0.9,11.8,7.9,14.5,3,21.6,14.6,7,29.1,59,33.89,13.0,59304,770952.0
31109,Lancaster,NE,2.9,2.5,6.4,3.7,3,1.5,11.8,6.4,8.4,3,20.9,13.9,6.7,31.5,61.3,21.33,10.6,40675,431155.0
32003,Clark,NV,2.4,5.6,13.1,11.5,19,1.8,12.5,13.4,31.8,1,27.8,18.8,8.4,30.4,15.9,46.23,15.6,199176,3107145.6
32031,Washoe,NV,3.8,4.6,11,2.3,6,1.2,9.4,11.2,26,3,24.7,18,6,25.3,25,34.25,9.8,60077,588754.6
33005,Cheshire,NH,4.1,2.5,5.6,0.6,1,1.7,8.2,6.3,2.6,4,20.3,13.6,5.1,26,41.4,20.6,15.1,15256,230365.6
33011,Hillsborough,NH,3.7,2.8,6.6,2.2,5,1.2,7,6.4,8.5,3,20.8,13.6,3.3,27.9,35.9,24.0,18.0,61690,1110420.0
33013,Merrimack,NH,4.8,2.3,5.5,1.5,3,1,7.5,5.7,2.7,4,20.5,13.3,5.4,27.4,37.6,26.25,13.1,25906,339368.6
33015,Rockingham,NH,2.5,2.7,3.9,0.6,3,1.3,5.3,4.6,3.6,2,20.9,14,5.9,28.7,36.4,20.96,16.6,53990,896234.0
34001,Atlantic,NJ,3.1,5.8,10.7,12.6,2,1.4,11.1,9,20.3,3,25.3,17.5,7.1,36.2,21.5,30.58,20.1,40560,815256.0
34003,Bergen,NJ,4.6,3.8,7.1,5.3,5,0.9,6.7,6.9,22.7,2,25.7,16.9,11,31.4,27.5,27.8,12.1,124696,1508821.6
34005,Burlington,NJ,3.1,4.3,5.7,15.8,3,1.4,5.5,5,9.6,2,23.3,15.6,8.8,32,20.3,34.19,19.2,59527,1142918.4
34007,Camden,NJ,2.4,5.1,10.1,17.8,4,1,11.4,7.7,19.2,2,25.2,17.1,10.3,32.4,15.1,33.98,21.0,64071,1345491.0
34009,Cape May,NJ,5.2,8.3,5.3,3.3,1,1.8,9.8,6.7,8.2,3,22.8,15.3,7.4,36.8,33.4,24.01,19.7,21330,420201.0
34011,Cumberland,NJ,2.5,7.3,18.4,16.4,1,2.6,14.2,12.2,35.7,3,25.7,17.8,7.8,33.2,16.6,37.1,26.5,17872,473608.0
34013,Essex,NJ,4.4,5.6,13.3,35.4,8,1.4,13.4,12,25.1,1,29.5,21.9,8.9,30.7,24,41.3,17.0,69961,1189337.0
34015,Gloucester,NJ,2.8,4.5,6,10.1,1,1.9,7.1,5,8.2,2,23.9,15.5,7.1,33.9,25.4,32.68,21.7,38268,830415.6
34017,Hudson,NJ,3,4.3,12,10.7,6,2.1,14.7,11.2,40.7,1,28.3,21.1,9,30.4,12.7,42.34,17.4,47388,824551.2
34021,Mercer,NJ,3.2,4.6,10.6,17.9,3,1.1,10,10,23,3,24.7,17.5,7.6,32.9,23.9,38.75,18.3,40398,739283.4
34023,Middlesex,NJ,4,4.6,10.8,9.7,5,1.1,8.3,9.2,23.6,2,25.3,18.2,7.9,33.9,23.1,32.02,17.8,94105,1675069.0
34025,Monmouth,NJ,3.4,4.2,5.8,5.7,5,0.9,6.9,6.2,12.9,2,25.3,17.1,8.2,35.4,31.5,24.96,16.8,95989,1612615.2
34027,Morris,NJ,3.5,3.8,5.1,3,3,1.1,4.7,5.4,15.9,2,23.2,15.8,5.6,31.3,33.2,26.79,13.1,67053,878394.3
34029,Ocean,NJ,3.5,4.7,6.5,2.8,4,2.5,9.1,6.3,10.9,2,23.7,15.6,6.3,37.7,28.2,31.79,18.9,105293,1990037.7
34031,Passaic,NJ,4.1,5.4,15.1,9.6,2,1.8,12.1,12.7,44.3,2,27.2,19.2,7.7,33.3,22.1,38.73,15.2,51852,788150.4
34035,Somerset,NJ,3.8,3.9,6,9.2,1,0.9,5.8,5.4,17.6,2,23.9,16.2,8.4,30.9,24,27.71,14.4,41656,599846.4
34037,Sussex,NJ,2.6,4.4,4.6,1.7,1,2.2,5.2,5.1,11.9,2,24,15.1,7.7,35.7,24.4,26.37,16.5,22164,365706.0
34039,Union,NJ,4.3,4.9,13.7,19.1,3,1.6,9.7,12.6,35.1,2,26.8,19.9,10.2,31.6,23,38.08,15.4,53931,830537.4
34041,Warren,NJ,2.4,4.4,5.9,5.5,2,1.8,8.2,6.2,12.9,3,23.5,15.8,7.4,35.9,34.5,28.04,22.6,16416,371001.6
35001,Bernalillo,NM,3.2,3.7,9.4,2.6,6,0.9,13.7,10.7,49,3,25.5,17.5,8.1,22.1,41.7,54.23,10.0,60097,600970.0
35013,Dona Ana,NM,4.2,4.9,16.6,1.3,3,1.9,17.9,13.4,67.8,3,28.4,20.2,7.3,26.1,22.6,42.91,10.0,24408,244080.0
35045,San Juan,NM,4.6,4.6,13.1,0.5,2,1.7,18.2,13,19.8,3,28.6,21.7,5.5,25,26.6,17.82,12.1,17862,216130.2
36001,Albany,NY,3.9,3.3,6.3,11.5,3,1.1,12.6,4.5,7.2,3,21.3,14.4,7.5,36.4,12.5,49.54,15.5,30953,479771.5
36005,Bronx,NY,3.3,6.6,24.6,28.6,6,1.5,28.7,7.8,55,1,27.9,21.4,8.6,29.2,6.9,61.67,18.9,80740,1525986.0
36007,Broome,NY,5.4,4,8.6,5,2,1.1,15.9,5.2,5.5,3,20.2,13.9,7.2,28.6,36.3,48.26,16.1,23293,375017.3
36009,Cattaraugus,NY,5.5,4.1,10.5,1.4,1,2.2,18.7,5.8,2.3,4,21.8,14.1,7.2,35.8,15.3,52.25,18.4,8828,162435.2
36013,Chautauqua,NY,5.1,4.1,10.3,2.1,3,1.9,18.7,6,9.5,4,20.9,13.9,5.9,33.1,21.7,51.12,15.3,15248,233294.4
36015,Chemung,NY,4.3,3.7,9.3,6.3,1,1.2,14.2,4.9,3.7,3,22.9,14.3,6.9,33.3,24.2,48.66,20.4,10315,210426.0
36019,Clinton,NY,7.5,3.8,11.9,2.8,1,1.3,13.2,4.7,3.5,4,20.8,14.1,6.6,32.8,30.2,28.07,19.2,13593,260985.6
36021,Columbia,NY,5.9,3.1,8.2,3.5,1,2.2,11.1,5.4,6.2,4,22.7,14.8,7.1,31.7,15.7,35.55,14.4,10314,148521.6
36027,Dutchess,NY,3,3.2,8.1,9.1,2,1.3,8.4,4.9,15.4,3,23,15.1,7.8,35.4,26.6,27.04,16.0,44843,717488.0
36029,Erie,NY,4.7,3.8,7.5,12.1,7,1.3,12.8,4.2,6.4,1,22.8,14.1,7.1,32.3,12.4,63.78,14.4,72770,1047888.0
36047,Kings,NY,3.8,5.1,15.6,26.6,11,1.5,19.2,6.1,18.9,1,30.2,22.2,7.6,36.8,4.1,47.28,17.4,198735,3457989.0
36055,Monroe,NY,5,3.7,7.9,13.4,4,0.9,14.1,4.4,9.9,1,20.4,13.8,6.5,30,17.5,70.33,22.0,47532,1045704.0
36059,Nassau,NY,4.3,3.2,7.8,10.8,9,0.7,5.9,4.4,18.7,2,26.4,17.7,8.5,34.7,13.7,26.09,14.5,200499,2907235.5
36061,New York,NY,3.3,4.6,10.5,12.4,9,0.8,15.5,5.3,24.4,1,27.7,19.2,8.6,27.4,10.7,41.04,9.7,168815,1637505.5
36063,Niagara,NY,3.5,4.2,7.9,6.3,2,2.6,13.2,4.7,4,2,22.5,14.1,8.4,35.5,12.3,63.59,17.8,18354,326701.2
36065,Oneida,NY,6.1,3.7,11,5.7,2,1.4,16.7,4.9,7,3,22,14.5,6.7,31.1,25.9,44.24,17.4,29758,517789.2
36067,Onondaga,NY,4,3.4,8.2,10.1,4,1,12.5,4.3,5.9,3,21.3,14.2,6.4,29.7,17.4,51.67,16.2,46636,755503.2
36071,Orange,NY,4.4,3.7,10.2,10.4,5,1.4,12,5.6,23.9,3,25.5,17.3,5.8,35.8,15.5,26.75,14.8,47567,703991.6
36075,Oswego,NY,6.6,4.1,10.1,0.9,1,2.6,15.7,5.4,3.3,3,20.4,13.7,6.9,36.9,15.8,48.1,20.1,13193,265179.3
36079,Putnam,NY,4.1,3,6.8,2.7,1,2,6.8,4.4,20,2,23.9,15.7,7.9,32.8,29.3,26.86,14.7,14239,209313.3
36081,Queens,NY,4.4,4.5,17.4,16.3,6,1.6,13.4,8.9,28,1,29.4,19.9,7.8,32.3,6.9,50.96,14.8,181280,2682944.0
36083,Rensselaer,NY,5,3.4,7.4,6.5,1,2,11.2,4.7,6.1,3,21.2,14.5,7.4,38.6,13.2,47.98,17.8,17182,305839.6
36085,Richmond,NY,4.6,4.5,11.6,8.8,2,1.2,11.5,4.8,19.5,1,25.6,17,7.6,34.6,9.6,41.18,16.0,53243,851888.0
36087,Rockland,NY,4.2,3.2,12.8,10.1,2,1.3,15.2,5.9,20.6,2,25.6,17.3,8.6,30.7,18.8,25.07,11.4,42701,486791.4
36089,St. Lawrence,NY,5.7,4.4,10.1,1.9,5,1.7,16.8,5.3,2.5,4,22.7,13.5,7.3,32.6,22.7,32.44,16.4,16163,265073.2
36091,Saratoga,NY,5.4,2.9,5.4,1.6,1,1.4,7.1,3.6,3.9,3,21.1,14.3,7.5,35.9,22.3,50.58,13.1,24740,324094.0
36093,Schenectady,NY,3.6,3.7,8.3,9.5,1,1.4,12.6,4.1,8.2,3,21,14.4,7.3,32.5,22.9,53.48,15.6,15003,234046.8
36103,Suffolk,NY,4.1,3.4,9.6,6.9,10,1.4,6.7,5.2,22.7,2,25,17.3,6.4,36.5,14.4,22.39,16.3,230156,3751542.8
36111,Ulster,NY,3.4,3.5,7.8,5.6,3,1.7,12.7,6.8,12.1,3,24,15.8,7.5,32.5,29.9,30.17,15.9,29074,462276.6
36119,Westchester,NY,3.6,3.3,10.6,12.6,9,0.8,8.7,5.4,27.3,2,25.1,17.2,9.1,29.6,27,30.72,12.9,123412,1592014.8
37001,Alamance,NC,3.8,3.6,11,19.5,1,2.5,13.8,12,15.2,3,24.7,17.4,8.3,33.3,36.6,59.47,18.6,13779,256289.4
37013,Beaufort,NC,4.5,3.7,10.7,22.7,0,2.1,16.1,11.7,7.8,4,25.1,17.5,6.6,31.3,20,25.67,20.3,10102,205070.6
37019,Brunswick,NC,3.6,4,6.5,8.2,2,2.9,9,9.4,5.6,3,22.3,15.6,6.3,31.6,56.4,28.03,11.9,36558,435040.2
37021,Buncombe,NC,2.8,4.4,7.4,4.8,2,0.7,12.4,12.7,8.5,3,22.8,15.9,6.2,26,32,35.53,12.5,39813,497662.5
37031,Carteret,NC,5.7,3.3,6.3,4.1,1,1.8,9.5,10.3,4.9,4,25.2,16.7,5.8,30.7,27.9,20.28,17.9,15539,278148.1
37035,Catawba,NC,4,3.6,11.8,7.6,2,1.7,13,12.3,11.4,3,25.3,16,8.3,29.6,30.3,42.29,12.1,21125,255612.5
37049,Craven,NC,4,3.7,7.7,19.5,1,1.4,12.7,10.9,7.7,4,27.4,19.5,6.5,30,38.4,17.25,15.7,19986,313780.2
37051,Cumberland,NC,3.7,4.5,7.1,36.7,3,1.3,16.5,9.6,12.6,3,28.4,21.6,7.4,33.5,9.9,34.82,20.2,35663,720392.6
37063,Durham,NC,4.8,3.1,8.5,31.8,3,0.9,11.3,11.4,15.8,3,24.1,17.1,8.1,27.2,43.9,38.42,15.0,29808,447120.0
37067,Forsyth,NC,3.1,3.8,9.6,24.5,3,0.9,13.3,11.6,15.1,3,24.6,16.5,9.5,28.7,33,57.83,16.5,30991,511351.5
37071,Gaston,NC,2.1,3.7,11.7,17,1,2.2,12.4,11.5,9.8,2,25.3,17.6,9.5,32.6,32.5,48.03,20.6,23464,483358.4
37081,Guilford,NC,4.2,4.1,9.2,33.4,2,1.2,13.5,10.8,10,3,24.1,16.8,6.8,31.1,38.6,59.18,15.7,39794,624765.8
37083,Halifax,NC,3.8,5.2,17.8,51.4,1,1.5,18.8,12,3.3,4,26.5,19.3,7.9,33.3,11.5,33.15,30.7,9526,292448.2
37089,Henderson,NC,4,3.3,8.4,2.6,2,1.2,9.8,12.8,13,3,23.1,16.2,7.2,27.5,37.3,35.63,10.0,21699,216990.0
37097,Iredell,NC,3.7,3.4,8.5,11,3,1.6,9.6,10.7,9.2,2,25.4,17.6,9.5,31.9,36.3,44.56,14.4,19400,279360.0
37101,Johnston,NC,2.9,3.1,9.5,16.7,1,4.2,9.6,11.5,16.7,2,26.1,18.6,8.1,36.7,34,39.95,24.1,21021,506606.1
37107,Lenoir,NC,3,4,17.1,39.2,1,1.8,19.1,12.7,8.8,4,31.8,24.5,7.1,36,15.1,25.68,29.0,10569,306501.0
37119,Mecklenburg,NC,1.6,3.7,9.2,29.7,7,1.1,10.6,12.3,15.9,1,25.3,18.1,9.5,27.7,41.6,42.21,13.8,82287,1135560.6
37127,Nash,NC,2.8,4.5,12.9,40,1,2.1,12.5,12.8,8.2,3,25.7,18.3,8.1,33.7,25,32.93,23.6,14496,342105.6
37129,New Hanover,NC,4.6,3.4,6,10.7,1,1.1,11.7,10.6,7.8,3,22.8,16.2,3.8,32.4,49.5,27.59,12.9,34438,444250.2
37133,Onslow,NC,5.4,3.8,6.7,11.5,2,3.8,11.5,8.3,14,3,25.8,19.8,6.3,33.2,31.6,18.68,15.1,21483,324393.3
37147,Pitt,NC,3.4,4.1,9.2,34.7,1,0.8,19.8,10.9,7.8,3,27.1,18.9,6.7,32,28.7,28.8,28.1,21568,606060.8
37157,Rockingham,NC,5.9,3.8,14.5,17.2,1,4.1,17.2,12.7,7.1,3,25.5,16.8,8.2,34.6,19.9,62.35,21.9,8888,194647.2
37183,Wake,NC,3.4,3.2,6,18.4,4,1.2,8.6,8,11.5,1,24.8,16.7,10.2,29,35.6,39.32,13.4,91293,1223326.2
37191,Wayne,NC,3,3.7,13.6,29.5,1,2.5,19.3,14,13.7,3,28.7,19.6,7.8,33,22.3,33.47,21.1,16013,337874.3
37195,Wilson,NC,2.6,5.1,14.7,38.6,1,2.3,17.6,13.2,12.3,4,27.7,19.6,7.9,32.2,27.1,29.04,28.7,14027,402574.9
38017,Cass,ND,4.7,2.2,4.1,6.9,3,1,11,5,3.5,3,19.4,12.3,6.4,29.3,47.1,25.37,14.7,19424,285532.8
39017,Butler,OH,2.2,4.3,8.8,8.2,4,2.1,13,7.4,6.9,2,24.3,17,12,35.4,36.7,46.54,22.3,36888,822602.4
39025,Clermont,OH,3,4.2,7.9,1.5,1,1.6,8.6,6.6,2.5,2,23.6,16.4,9.9,34.4,31.6,50.66,21.0,20425,428925.0
39035,Cuyahoga,OH,1.8,3.9,8.5,28.4,15,0.9,14.9,7,7,1,24.3,17.7,10.9,31.1,31.9,49.44,22.2,131324,2915392.8
39049,Franklin,OH,2.8,4.2,8.8,23.1,8,1,13.9,9.5,7.4,1,23.8,17.4,10,30.9,42.9,49.5,17.4,93843,1632868.2
39061,Hamilton,OH,1.9,4.2,7.3,23.9,8,0.9,14.2,6.9,4.8,1,24.4,17.6,12,31.7,38.1,48.12,18.2,77718,1414467.6
39085,Lake,OH,2.8,3.6,5.6,4.7,1,2.4,7.5,6.1,5.3,2,23.3,15.5,6.5,33.3,29.8,46.27,20.8,28928,601702.4
39089,Licking,OH,2.9,4.2,6.5,4.2,1,2.8,9.2,6.3,2.4,2,22.1,15.6,9.8,32.2,34,47.77,19.1,18454,352471.4
39093,Lorain,OH,2.2,4,8.2,7.1,4,1.9,10.8,6.6,11,2,24.1,17.1,7.4,34.8,26.9,47.69,21.5,35886,771549.0
39095,Lucas,OH,2.4,6.1,8.5,18.8,4,1.1,16.8,6.9,7.8,3,25.8,18.9,8.8,33,39.2,50.17,21.4,43001,920221.4
39099,Mahoning,OH,1.8,5,8.1,13.5,2,1,19.3,7.4,6.8,3,25.3,16.1,8.4,31.7,31,57.31,22.2,24299,539437.8
39103,Medina,OH,2.2,3.3,5.7,1,2,1.5,6.1,5.5,2.7,2,21.5,15.2,8.3,32.4,42,48.76,20.9,19475,407027.5
39113,Montgomery,OH,1.9,4.6,7.4,20.3,5,1,14.4,7.7,4.2,3,25.8,18.9,10.5,33.5,26.1,53.35,20.1,52252,1050265.2
39151,Stark,OH,2.4,4.6,6.8,7,3,1.3,12.4,6.7,3,3,23.8,15.4,10.3,32.2,41.4,60.08,17.8,34505,614189.0
39153,Summit,OH,1.9,4.5,7.2,13.7,3,1,13.3,6.7,2.7,3,22.7,15.7,9,31.9,33.6,56.74,19.5,49759,970300.5
39155,Trumbull,OH,2.4,5.2,9.5,8,2,1.9,13.3,8.8,2.2,3,24.5,16.6,7.4,34.4,31,53.8,23.1,23926,552690.6
40013,Bryan,OK,4.9,3.1,11.9,2,1,2.3,14.2,16.7,8,4,30,23.5,8.9,39.2,34.3,14.81,21.4,8011,171435.4
40031,Comanche,OK,2.7,3.5,9,13.8,3,1.4,16.9,11.8,14.6,3,27.5,21.1,8.2,33.6,24.1,14.23,20.1,16753,336735.3
40109,Oklahoma,OK,4.2,3.2,11.5,14,10,1.2,16.2,14.9,20.1,1,25.6,19.4,9.7,36.7,41.9,31.76,12.9,89742,1157671.8
40143,Tulsa,OK,3.1,3.2,10.1,9.2,10,1,13.3,14.2,15.7,1,26.7,19.2,9.4,33.7,28.9,38.77,18.2,70257,1278677.4
41005,Clackamas,OR,3.2,4,5.3,1,3,1.1,8.1,5.2,10,2,22.1,14.1,10.1,26,41,63.5,12.5,31893,398662.5
41011,Coos,OR,6.9,5,8.3,0.4,3,1.3,16.8,7.5,7.2,4,25.5,18.4,7.8,29.9,34.2,15.63,16.4,17557,287934.8
41017,Deschutes,OR,4.1,4.2,4.6,0.3,2,1,7.5,6.3,9.2,3,22.2,16,9.6,30.5,50.9,31.58,8.8,32001,281608.8
41029,Jackson,OR,3.9,5,8,0.6,3,1.1,12.6,7.8,14.6,3,25.6,16.8,8.7,26.1,32.9,35.65,8.6,37414,321760.4
41039,Lane,OR,3.6,4.3,6.7,1,5,1.2,14.6,7.1,10.4,3,23.5,15.1,9.2,25.2,45.2,54.66,12.6,40830,514458.0
41047,Marion,OR,4.8,4.3,13.9,1.1,3,1.4,11.9,10.5,28.9,3,22.9,15.4,10.2,28.8,43.2,59.76,13.7,26594,364337.8
41051,Multnomah,OR,5.4,4.2,7.5,5.2,7,0.7,12.7,6,13.5,1,22.8,15.1,6.5,25.2,37.8,62.07,14.5,49062,711399.0
41067,Washington,OR,5,3.8,7.3,2.1,4,1.1,8.4,5.9,18.5,2,21.8,14.4,6.9,26.1,36.6,60.91,12.5,35911,448887.5
42003,Allegheny,PA,3.1,3.6,4.3,12.3,15,0.9,11.7,4.8,2.9,1,23.3,14.6,14.1,30.2,35.4,63.73,18.5,96444,1784214.0
42011,Berks,PA,2.5,3.9,11.6,3.9,2,1.6,12.8,8.3,24.8,3,21.2,14.5,9.2,32.7,27.5,38.6,21.4,52654,1126795.6
42013,Blair,PA,4.4,3.7,6.2,1.8,4,1.2,12,6.5,1.5,3,24.6,14.2,9.4,37.6,25.8,54.81,18.1,14114,255463.4
42017,Bucks,PA,3.3,3.5,5,3.6,5,1.3,6.1,4.6,6.5,2,23,14.2,9.2,33.2,40.2,35.68,18.1,89953,1628149.3
42019,Butler,PA,4.5,3.4,4.3,1,1,1.4,7.9,4.2,2,2,23.3,14.3,10,30.8,28.2,62.09,15.9,16600,263940.0
42021,Cambria,PA,4.2,4.4,6.9,2.8,2,1.4,14.5,5.2,2.1,3,23,14.1,9.1,37.3,19.6,67.52,21.3,11907,253619.1
42029,Chester,PA,1.8,2.9,5.1,4.8,3,1.3,6.4,4.9,8.3,2,23.2,14.5,9.1,32.4,39.2,26.62,14.8,71028,1051214.4
42037,Columbia,PA,6.3,4.4,7.4,1.6,1,1.9,13.5,6,4,4,21,14.1,8.3,32.1,35.2,42.06,16.7,8678,144922.6
42041,Cumberland,PA,3.3,3.1,6.3,4.1,3,1.2,8.1,6.5,5.1,3,21.6,14.5,10.8,32.5,37.5,43.09,14.4,31000,446400.0
42043,Dauphin,PA,3.2,3.7,8.8,16.2,2,1,13,7.5,11.7,3,22.9,14.6,9.2,31.1,32,52.29,18.9,27421,518256.9
42045,Delaware,PA,2.3,3.7,6.1,21.8,4,1,10.7,5.6,5,2,25.2,16.3,10.8,33.6,24.3,30.67,16.1,75541,1216210.1
42049,Erie,PA,4.5,4,7.1,6.9,5,1.2,14.7,5.8,4.7,3,21.6,14.2,7.5,32.7,28.3,52.56,21.7,28810,625177.0
42055,Franklin,PA,4.3,3.2,8.7,3,2,1.8,9.3,8.6,7.5,3,22.9,14.2,9.1,32.4,27.3,30.86,15.4,25149,387294.6
42069,Lackawanna,PA,3.2,4.2,8.3,2.9,2,1,14.9,6.5,9.8,3,25.6,15,6.5,33.2,28.7,31.45,19.4,35941,697255.4
42071,Lancaster,PA,2.6,3,12.5,3.4,4,1.4,7.7,11,11.5,3,20.3,14.2,11.1,30.7,40.7,43.35,12.8,64082,820249.6
42075,Lebanon,PA,2.9,3.3,11.5,1.7,2,1.7,9.5,8.6,15.2,3,21.8,14.4,9.4,30,19.4,45.26,16.8,17659,296671.2
42077,Lehigh,PA,2.7,4.1,9.5,5.9,1,1,11.1,7.3,27.9,3,23,14.6,8.5,30.7,42.4,38.1,21.9,46635,1021306.5
42079,Luzerne,PA,3.5,4.7,9.8,4,4,1.3,13.4,7.9,17.3,3,25.6,15.3,8.1,35.3,26.9,31.73,19.4,50998,989361.2
42081,Lycoming,PA,4.1,4.1,8.5,3.9,4,1.3,15.1,6.5,2.3,3,22,13.8,8.2,29.4,16.9,38.92,14.6,16651,243104.6
42085,Mercer,PA,3.4,4.2,8.3,5.6,3,1.6,13.1,7.7,1.6,4,24.3,14.6,8,34.8,27.8,55.67,20.2,12910,260782.0
42089,Monroe,PA,2.6,4.4,9.6,12.9,2,2.4,10.8,7.4,18.1,4,24.9,17.3,7.9,31.7,39,29.47,23.9,24559,586960.1
42091,Montgomery,PA,2.4,3.2,4.9,9.1,7,0.8,6.2,4.9,6.7,2,22.9,14.7,7.6,31.3,32.1,30.32,15.7,116896,1835267.2
42095,Northampton,PA,2.2,3.9,7.1,5.6,3,1.2,8.8,6.1,15.4,3,23.3,15,8.6,31.8,42.4,34.61,22.8,45448,1036214.4
42097,Northumberland,PA,3.7,4.2,9.7,2.5,0,2.5,14.2,6.7,5.1,4,22.9,14.6,8.9,34.2,32.6,42.47,21.6,13335,288036.0
42101,Philadelphia,PA,2.6,4.7,12.2,38.3,12,1.3,19.7,8.1,15.5,1,27.7,19.9,8.7,31.5,13,47.91,24.1,135153,3257187.3
42107,Schuylkill,PA,2.7,4.3,9.8,2.6,3,2,12.5,6.9,7.7,4,25.7,15,8.8,34.3,25.9,33.92,24.6,23547,579256.2
42125,Washington,PA,3.4,3.8,5.4,3.1,3,1.5,10.3,5,2,2,23.7,14.6,9.3,31.9,38.2,62.07,18.2,19796,360287.2
42127,Wayne,PA,3.9,4.3,7.7,2.9,1,2.2,13,7.2,5.1,4,24.4,15.1,7.1,32.5,33.8,24.89,16.6,10485,174051.0
42129,Westmoreland,PA,2.3,3.8,4.5,2.4,4,1.5,10.5,4.3,1.6,2,24.1,14.8,7,32.9,33.6,65.37,18.1,32808,593824.8
42133,York,PA,2.6,3.6,8,5.7,3,1.5,9.2,5.8,9.5,3,22.5,14.9,8.9,31.9,32.4,41.39,17.1,55650,951615.0
44003,Kent,RI,3.4,3.8,6.9,1.8,1,1.2,7.8,3.8,6.8,2,20.8,13.5,3.9,34.1,26.8,50.13,18.5,19859,367391.5
44007,Providence,RI,2.7,4.6,13.6,6.9,6,1.1,14.8,6.2,25.6,1,20.6,13.9,8.3,30.4,19.2,51.99,18.9,58266,1101227.4
44009,Washington,RI,3.2,3.5,4.3,1.2,2,1.3,7.8,3.6,3.8,2,21,13.6,3.9,30.4,41.7,41.47,16.0,18490,295840.0
45003,Aiken,SC,3.7,4,9.5,23.6,1,2.9,13.7,10.9,7.2,3,27.1,19.4,10.2,31,33.9,31.53,15.6,27289,425708.4
45007,Anderson,SC,2.6,3.8,11.9,13.4,1,1.6,13.1,11.6,5.1,3,26.4,18.6,9.4,35.7,40.8,41.89,17.9,26390,472381.0
45013,Beaufort,SC,2.8,3.8,5.3,15.5,3,1.5,8.4,11.5,12.3,3,24.2,16,8.5,27.3,53.7,24.76,10.7,39734,425153.8
45019,Charleston,SC,2.6,3.3,6.5,22.6,7,0.8,10.3,10,7.1,3,26.5,18.9,7.1,28.8,36.3,26.49,13.3,56014,744986.2
45041,Florence,SC,2.9,4.4,12,42.9,2,1,17.5,10.9,3.3,3,29.3,22.6,7.7,31,45.4,27.14,22.4,21633,484579.2
45045,Greenville,SC,3.6,3.7,9,15.2,5,0.9,9.9,11.5,11.5,3,25.4,17.1,8.5,32.2,46.2,39.31,11.3,60825,687322.5
45051,Horry,SC,3,4.8,8.1,11.5,4,1.6,14,12.9,7.3,3,24.3,16.8,7.2,30.8,46.2,29.43,17.3,73028,1263384.4
45063,Lexington,SC,5.4,3.5,8,15.1,2,1.5,11.3,9.5,7.9,3,27.1,17.2,8.1,34.7,47.7,28.27,14.5,40339,584915.5
45075,Orangeburg,SC,5,5.9,15.8,60.6,1,2.3,21,11.5,2.6,4,27.8,22.8,8.5,28.2,35.2,42.81,17.5,11791,206342.5
45079,Richland,SC,2.9,4.3,7.8,46.9,5,1.3,15.8,10.1,6.4,3,27.3,20.4,7.9,32.6,47.5,29.13,13.6,48269,656458.4
45083,Spartanburg,SC,5.2,4.2,11.6,19.2,1,1.7,12.5,11.8,9.2,3,25.8,19.3,7.7,29.8,37,44.43,13.1,36805,482145.5
45085,Sumter,SC,3,5.1,10.4,45.7,1,1.7,16.7,9.7,4.4,3,29,23.3,8.3,34.1,43.5,31.68,19.3,15185,293070.5
45091,York,SC,3,4.1,7.4,18.1,1,2.3,8.8,8.9,7.4,2,24.7,17.6,7.8,31.2,39.2,33.91,14.1,32128,453004.8
46099,Minnehaha,SD,3.6,1.8,7.3,6.2,4,0.9,7.5,8.8,6.6,3,20,13.6,4.7,30.3,49.1,26.89,14.0,27025,378350.0
47001,Anderson,TN,6.3,3.3,8.7,3.2,1,1.7,11.5,9,4,3,25.1,17.1,8.3,33.2,30.2,46.88,18.1,9901,179208.1
47009,Blount,TN,5.3,3,8.8,2.5,1,1.4,9.2,9.6,4.6,3,23.8,15.9,6.6,33,38.9,45.58,15.1,17565,265231.5
47037,Davidson,TN,2.8,2.8,9.1,24.2,9,1.1,12.2,12.3,13.9,1,25.5,17.8,9.2,30.8,36.2,46.44,19.1,52322,999350.2
47065,Hamilton,TN,2.5,3.1,8.5,16.8,3,1,14.5,10.7,8,3,26.1,18.2,9.1,34.3,40.9,45.47,13.5,40630,548505.0
47093,Knox,TN,6.1,2.9,7.6,7.9,4,0.9,12.8,10.6,6.3,3,24.4,16,9,30.9,37.6,46.33,13.0,48759,633867.0
47141,Putnam,TN,4.3,3.3,11,2.3,1,1.5,18.4,12,8.3,4,24.4,16.7,6.3,32.7,34.7,31.94,18.3,11512,210669.6
47149,Rutherford,TN,3.4,2.8,7.6,14.6,2,2.3,10,10.2,12.1,2,25,17.3,8.4,33,37.5,42.62,16.2,25144,407332.8
47157,Shelby,TN,3.5,4.4,10.1,52.2,7,1.2,19,12.6,8.8,1,28.6,22,9.2,32.5,33,36.19,16.9,98995,1673015.5
47163,Sullivan,TN,4.1,3.5,10.1,2,3,0.8,15.7,9.9,2.6,3,24.8,15.3,7.1,32.8,27.6,61.09,13.2,16730,220836.0
47179,Washington,TN,4.8,3.2,8.8,3.4,3,0.6,13,11.1,4.9,3,25.3,16,7.4,35.9,23.2,51.68,12.7,14622,185699.4
47187,Williamson,TN,5.4,2.7,3.7,3.9,1,0.7,4.5,5.7,5.9,2,22.9,14.7,8.4,30.8,39.6,37.28,10.3,22993,236827.9
48027,Bell,TX,2.8,4.4,9.2,21.4,4,1.4,13.8,15,26.2,3,25.8,17.2,8.4,30.1,32,38.15,16.7,33218,554740.6
48029,Bexar,TX,2.4,3.9,13.4,7.3,8,1.4,14.6,16.9,59.6,1,27.6,18.7,9.1,30.2,14.9,49.75,13.0,151039,1963507.0
48039,Brazoria,TX,1.8,4.5,10.8,15.9,3,1.6,9.1,14.3,31.6,2,27.1,19.4,10.5,35.2,20.7,43.37,21.3,29623,630969.9
48061,Cameron,TX,1.8,5.2,27.5,0.5,4,1.9,24.3,26,89.2,3,27.5,17.5,9.7,31.5,4,55.85,15.9,28677,455964.3
48085,Collin,TX,2.7,3.8,5.4,10.7,10,1.1,5.7,11,16,1,25.6,18.1,9.9,33.2,41.7,34.72,12.8,81132,1038489.6
48113,Dallas,TX,2.5,4.2,18.1,22.1,20,1.4,12.5,23.3,41.2,1,27.5,20.2,9.6,29.9,36.5,43.63,15.2,183796,2793699.2
48121,Denton,TX,2.1,3.8,6.4,10.7,8,1.9,6.2,12,20.4,2,25.7,18,10,33.2,48.7,36.88,12.7,65062,826287.4
48139,Ellis,TX,3.8,3.7,11.8,14.4,3,2.8,7.5,16.3,28.1,2,26.8,17.3,9.7,32.9,50.1,39.14,15.3,17938,274451.4
48141,El Paso,TX,3.8,4.2,18.9,3,8,1.9,18.1,23.4,82.7,3,28.4,20.6,8.8,24.3,21.9,64.89,12.0,46718,560616.0
48157,Fort Bend,TX,2.8,4.2,8.1,20.5,6,1.2,7.7,13.2,24.6,2,27.2,19.1,10.7,32.2,18.1,45.08,16.8,55384,930451.2
48167,Galveston,TX,2.5,4.4,10.1,11.8,1,1.4,12.6,15.8,26.3,2,27.9,20.5,7.9,34.3,21.4,40.57,25.0,34701,867525.0
48181,Grayson,TX,2.5,3.9,10.1,5.1,3,2.1,11,18.7,16.3,3,26.8,19.8,9.1,38.8,30.2,35.13,21.2,18687,396164.4
48201,Harris,TX,2.4,4.5,17.5,18.6,29,1.7,16.7,22.2,43.9,1,27.9,20.6,10.7,33,22.9,51.47,17.4,272474,4741047.6
48215,Hidalgo,TX,1.8,6,29.8,0.5,5,2.1,24.2,27.5,91.9,3,28.2,18.9,10.7,33.6,7.5,61.07,16.4,41606,682338.4
48245,Jefferson,TX,2.9,5.9,14.9,32.7,5,2.2,21.3,21.5,24.1,3,26.9,20.9,8.5,39.3,23,47.97,15.1,22392,338119.2
48303,Lubbock,TX,6.4,3.5,10.8,6.6,2,1.2,15.7,15.7,36.2,3,26.9,20.1,6.4,37.7,30.1,42.59,12.2,27204,331888.8
48309,McLennan,TX,2.4,3.8,11.9,13.5,2,1.2,16.2,17.2,26.9,3,26.5,19,9.3,31.4,30.2,41.61,14.7,26362,387521.4
48339,Montgomery,TX,2,4,9.7,6,4,1.7,9.1,17.6,27.9,2,27.2,19.6,10.5,34.8,30.2,44.03,17.7,52029,920913.3
48355,Nueces,TX,3.2,4.2,14.7,3.5,2,1.3,15.3,18.4,62.4,3,27.4,18.1,9.3,29.9,29.3,56.53,14.0,26478,370692.0
48375,Potter,TX,4,3.5,21.9,10.2,3,0.9,22.5,23.7,39.2,3,28,19.8,5.1,34.6,12.9,32.26,14.0,12901,180614.0
48423,Smith,TX,3.1,3.8,11.3,16.2,3,1,12.1,19,20.9,3,29.4,19.2,9.4,35.5,46.7,36.63,14.5,29471,427329.5
48439,Tarrant,TX,2.2,4,12.7,17.3,19,1.7,11.5,17.6,30.2,1,26.9,18.5,9.2,32.3,37.1,48.46,16.0,144292,2308672.0
48451,Tom Green,TX,4.3,3.2,12.9,3.5,1,1.3,11.5,18,40.5,3,25.7,19.3,7.6,35.7,39.9,36.63,17.6,14099,248142.4
48453,Travis,TX,2,3.5,8.1,7.8,10,1.2,10.5,13.1,32.5,1,26,18.1,9.5,31.7,46.3,35.43,13.4,91038,1219909.2
48479,Webb,TX,3.5,4.2,29.1,0.4,2,2.9,20.6,28.7,95,3,33,22.9,10.7,27.6,15.1,39.08,15.3,20525,314032.5
48491,Williamson,TX,2.1,3.6,5.9,6.6,7,1.6,5.4,11.4,24.7,2,23.8,16.4,9.9,31.9,53.3,36.71,12.6,52467,661084.2
49035,Salt Lake,UT,2.4,3.3,8.1,1.6,10,1.3,7.9,10,20.6,1,24.7,17.8,9,27.8,33.6,47.41,10.2,76642,781748.4
50007,Chittenden,VT,3.5,1.9,3.9,2.2,1,0.6,8.9,4,2.8,3,20.5,13.8,6.6,26.2,47.5,14.94,12.2,26258,320347.6
50021,Rutland,VT,6.4,2.7,5.8,0.6,1,1.3,10,4.9,2.2,4,21.1,13.8,7.5,27.8,41.2,14.66,11.1,14590,161949.0
50023,Washington,VT,6.8,2.3,3.6,0.8,1,1,6.1,4.1,2.7,4,20.3,13.9,5.7,25.7,35.2,10.85,15.7,12807,201069.9
50027,Windsor,VT,7.4,2.1,5.1,0.4,3,0.9,9.2,4.9,2.2,4,20.9,13.9,6,23.4,37.3,15.74,8.9,13572,120790.8
51013,Arlington,VA,4.2,2.2,4.8,9.2,1,1.4,8,4.6,15.9,2,24.2,16.6,8,25.1,29.2,17.83,9.7,20871,202448.7
51019,Bedford,VA,5.4,3,7.1,6.2,1,1.5,8.9,7.9,2.8,3,24.6,16.7,7.6,28.6,38.3,21.44,16.2,16261,263428.2
51041,Chesterfield,VA,2,2.9,6.9,22.8,1,1.2,7.1,7.1,11.8,2,23,16.5,6.7,31,35.5,27.85,16.5,46098,760617.0
51059,Fairfax,VA,2.5,2.6,6.8,9.4,5,0.9,6,7,17.6,2,23.7,16.4,9.1,25.5,39.3,21.37,9.8,124478,1219884.4
51085,Hanover,VA,3,2.6,5.5,8.2,1,1.4,6.1,5.6,3.9,2,22.5,16.1,8.4,31.5,45,27.36,16.6,16227,269368.2
51087,Henrico,VA,2.4,3,6.7,29.1,2,1,10.3,7.6,6.9,2,22.8,16.3,7,30,40.3,31.34,13.5,40633,548545.5
51107,Loudoun,VA,2.7,2.5,6.1,7.4,2,1.3,4.3,5.2,14.2,2,24.1,16.5,7.2,26.4,37.7,21.29,13.1,32434,424885.4
51153,Prince William,VA,2.1,2.7,9.9,19.5,2,2.2,6.6,9,26,2,24.1,16.4,8.5,28.5,29.2,23.45,16.7,39939,666981.3
51161,Roanoke,VA,8.1,2.7,5.5,6.4,0,0.8,7.1,5.7,4,3,22.1,15.4,6.3,29.8,48.2,27.62,15.7,17583,276053.1
51165,Rockingham,VA,3.5,2.6,12.6,2.1,0,4,8.2,9.7,9.3,3,21.4,14.8,7.1,28.4,43.1,16.36,27.5,15179,417422.5
51177,Spotsylvania,VA,3.6,2.9,9.3,16.7,1,2.1,7,7.5,13.3,2,23,17.7,8,34.4,18.6,19.09,23.3,18346,427461.8
51199,York,VA,3.7,2.7,4.8,13,1,0.9,5.3,5,7.8,2,23.9,16.3,7.4,28.3,30.9,16.29,12.4,10797,133882.8
51550,Chesapeake,VA,3.4,2.9,5.8,28.4,1,1.3,10.5,6.1,7.6,1,25.4,18.6,7.5,30.1,33.5,26.11,22.9,29775,681847.5
51650,Hampton,VA,3.9,3.6,7,48.1,2,2.1,13.9,7,6.8,2,25.6,19.8,6.5,29.3,34.8,32.1,19.5,17663,344428.5
51680,Lynchburg,VA,4.8,3.8,9,27,1,0.6,17.8,7.5,5,3,25.2,17.6,6.3,27.4,23.3,25.95,15.4,11131,171417.4
51700,Newport News,VA,4.2,3.5,8,40.5,2,1.4,12.6,8.3,10.7,2,26.2,18.6,7.4,28.8,26.2,32.7,17.1,19733,337434.3
51710,Norfolk,VA,3.4,3.5,9.8,38.8,2,1,15.3,9.4,10.1,2,27.2,18.9,7.1,28.9,24.2,33.33,25.5,22610,576555.0
51740,Portsmouth,VA,4.1,3.8,11,50.1,2,1.7,15.2,6.8,5.3,2,26.4,19.4,7.4,31.5,33.3,33.0,22.5,12497,281182.5
51760,Richmond City,VA,3.1,3.3,9.8,40.5,4,0.9,18.2,9.3,10.6,1,24.4,17.8,8.5,27.2,19.6,40.03,17.5,20869,365207.5
51770,Roanoke City,VA,5.7,3.3,10.3,27.6,1,0.8,16.2,9.8,8.9,3,23.3,18.1,7.4,29.3,29.8,37.38,17.6,13187,232091.2
51810,Virginia Beach,VA,4.2,2.8,5.3,18.1,2,1.4,7.9,7,9,1,25.1,17.2,6.8,29.3,47,22.39,21.0,58886,1236606.0
53005,Benton,WA,5,4.7,10.6,1.5,3,1.3,10.6,8.3,25.6,3,24.7,17.9,10.4,26.5,45,6.92,14.9,34262,510503.8
53009,Clallam,WA,5.4,5,6.2,0.8,2,1.1,10.6,8.4,6.7,4,22.8,15.6,5.1,26.3,28.6,6.24,9.2,25724,236660.8
53011,Clark,WA,3.8,4.3,7.4,2.1,2,1.3,7.8,8.4,12.3,2,20.9,13.9,7.1,28.5,35,61.39,15.1,35593,537454.3
53027,Grays Harbor,WA,6.1,6.1,10.3,1.4,2,2.5,15.9,10.8,11.1,4,23.7,18.7,6,28.6,13.3,6.3,13.4,19510,261434.0
53033,King,WA,4.6,4.2,6.2,6.4,16,0.8,8.8,5.8,11,1,22.7,15.1,8.3,25.3,27.9,42.82,11.9,186481,2219123.9
53035,Kitsap,WA,6,4.4,4.6,2.1,2,1.4,7.8,6,9.3,3,23.7,15,4.9,26.1,28.8,28.05,12.4,41587,515678.8
53041,Lewis,WA,5.1,5.6,8.7,0.6,2,2,10.6,9.1,11.5,4,23.5,16.1,6.8,27.7,11.3,39.18,15.9,13092,208162.8
53045,Mason,WA,7.8,5.5,9.4,1,1,4.6,12.2,9.8,12.7,4,23.8,16.5,6,27.4,17.5,26.21,8.5,13369,113636.5
53053,Pierce,WA,5.7,4.6,7.5,6.9,6,1.4,9.4,7.1,12.8,2,23.9,16.1,8.3,27.8,35.1,38.29,16.1,96195,1548739.5
53061,Snohomish,WA,4.8,4.3,6.9,3.5,4,1.8,8.6,7.1,12.1,2,22.7,15,8.5,27,24.4,49.88,12.1,66123,800088.3
53063,Spokane,WA,4.2,4.4,5.2,1.9,5,1.2,10.8,6.6,7,3,23.7,15.9,7.6,27.8,30.9,45.17,12.4,59323,735605.2
53067,Thurston,WA,6.6,4.4,5.3,3.1,2,1.1,8.5,6.1,10.6,3,23.2,15.1,7.2,25.7,29.5,40.04,13.9,37251,517788.9
53073,Whatcom,WA,5.8,4.4,6.2,0.9,1,1,11.4,7.2,10.6,3,23.2,15.2,4.5,28.7,36,40.78,12.4,28406,352234.4
53077,Yakima,WA,3.4,5.9,23.2,0.6,3,1.5,16.7,14.4,52.3,3,24.7,18.2,9.8,25.5,24.8,27.05,12.9,31704,408981.6
54003,Berkeley,WV,3.2,3.2,9.1,7.1,2,2.4,11,6.9,6.4,3,24.4,16.4,8.8,31.4,34.8,28.42,19.3,16096,310652.8
54011,Cabell,WV,3.7,3.8,9.4,4.1,2,0.5,17.2,7.6,1.7,3,26.5,18.2,7.1,35.4,23.4,40.39,16.5,12701,209566.5
54039,Kanawha,WV,2.8,3.9,8.6,4.8,2,0.8,15.3,6.7,1.5,3,26.1,17.5,7.8,39.2,15.7,44.13,17.4,25809,449076.6
55025,Dane,WI,1.5,2.4,3.6,5.1,5,0.8,9.9,4.3,7.8,3,17.6,12.3,8.8,24.2,47,31.07,12.8,62168,795750.4
55059,Kenosha,WI,5.4,3.2,8,5.9,2,2.1,9.8,6,15.1,3,20.5,14.5,7.4,32.4,58.7,40.07,15.0,18096,271440.0
55073,Marathon,WI,5.4,2.6,6.7,0.5,2,1.1,7.5,6.3,3.5,3,16.9,12.4,7.8,31.6,49,53.12,17.3,13182,228048.6
55079,Milwaukee,WI,2.8,3.8,10.5,25.3,8,1.2,16.8,7.7,16.9,1,21.4,15.8,8.7,31.7,35.9,55.09,21.5,70557,1516975.5
55101,Racine,WI,3.1,3.5,7.5,10.3,2,2.2,11.7,6.7,15,3,20.3,13.5,9.1,32.3,56.2,49.88,16.0,20622,329952.0
55105,Rock,WI,3.1,3.2,7.4,4.6,4,1.9,9.9,5.6,10.1,3,19.8,14.1,9.5,29.1,48.7,41.0,18.0,19998,359964.0
55133,Waukesha,WI,1.9,2.6,2.8,1.5,7,0.7,5.5,3.3,5.7,2,18.2,12.7,9.4,32.4,46.8,48.75,16.5,45479,750403.5
56025,Natrona,WY,5.6,3.1,6.5,0.5,2,1.3,10.7,13.8,9.4,3,25.5,17.5,3.8,26.1,51.5,6.19,15.6,13922,217183.2
05119,Pulaski,AR,2,3.5,7.8,36.6,7,0.8,16,10.3,8.3,3,28.3,21.4,10.3,34,31.4,28.29,14.0,56708,793912.0
01003,Baldwin,AL,2.4,2.7,8.2,8,3,1.5,10.5,9.3,5.7,3,24,17.3,7.6,36.3,36.7,48.61,14.3,28574,408608.2
04025,Yavapai,AZ,2.5,3.5,7.3,0.5,3,2.1,9.8,14.2,15.3,3,26.3,17.3,4.8,26.9,34.5,32.14,7.3,57577,420312.1
04013,Maricopa,AZ,2.7,3.2,10.2,5.4,30,1.5,10.4,11.8,31.1,1,27.2,17.9,8.4,30.6,34.4,45.81,11.1,388656,4314081.6
01097,Mobile,AL,2.8,3.7,10.7,35.7,4,1.4,16.7,11,3.4,3,26.3,20,8.3,40.5,26.7,59.96,17.3,34063,589289.9
04019,Pima,AZ,2.8,3.7,9.5,3.3,10,1.2,13.8,12.1,36.4,1,25.2,17.6,3.8,27.2,34.5,51.49,9.0,112400,1011600.0
06065,Riverside,CA,2.8,5.3,16.5,6,16,2.1,9.8,8.7,51.2,1,25.5,17.8,12.7,29.9,19.7,59.61,12.4,156969,1946415.6
06073,San Diego,CA,2.9,4.3,10.9,4.3,19,1.2,10.1,6.8,34.6,1,24.5,17.1,13.8,27,19,50.34,10.9,271291,2957071.9
08059,Jefferson,CO,2.9,4,4.2,1,2,1.1,7.2,6,16.1,2,23.9,14.9,8.5,26.5,47.8,58.52,9.0,45135,406215.0
06111,Ventura,CA,2.9,4.6,14.9,1.6,6,1.1,9.5,8.5,44.3,3,25.4,17.7,7.9,30.4,19.4,37.09,11.2,96259,1078100.8
08031,Denver,CO,2.9,4.3,8.8,8.6,7,0.8,12.2,8.6,27.9,1,25.5,16.8,10,24.2,33.6,54.98,10.9,41743,454998.7
04015,Mohave,AZ,2.9,4.5,11.9,1,4,2.1,14.6,14.4,17,3,26,18.7,5.1,30.5,29.9,35.87,13.4,43754,586303.6
08069,Larimer,CO,3,3.9,3.5,0.9,5,1.2,10.5,6.5,12.9,3,22.6,15.1,6,25.6,57.9,41.15,8.2,38398,314863.6
08005,Arapahoe,CO,3.1,4,8.1,10.4,3,1.3,7.8,9.8,21.7,1,23.8,16.2,6,27.6,44.8,50.36,10.7,47565,508945.5
06099,Stanislaus,CA,3.1,6.9,20.1,2.5,4,1.6,14.2,6.9,50,3,26,17.2,10.6,29.2,13.8,49.77,17.6,44441,782161.6
08041,El Paso,CO,3.1,4.1,4.9,5.4,4,1.6,8.7,6.8,18.7,3,24.4,15.9,5,27.3,53.2,39.99,10.0,67265,672650.0
06071,San Bernardino,CA,3.1,5.1,17.5,7.4,20,1.6,12.6,8.8,55.2,2,26.7,18.5,15.6,29.4,12.4,62.24,15.2,116172,1765814.4
06059,Orange,CA,3.1,3.9,12.9,1.5,21,1,9.7,7.1,34.2,1,24.9,16.2,9.4,29.1,35.5,52.9,9.0,245413,2208717.0
04021,Pinal,AZ,3.1,3.8,10.8,5,3,6.1,11,13.4,29.8,2,27,18.5,11.3,30.4,16.5,43.41,11.6,50572,586635.2
06037,Los Angeles,CA,3.2,5.8,19.1,7.4,76,1.3,13.3,8.8,48.4,1,26.4,18.3,13.4,33.8,16.1,52.17,14.3,730076,10440086.8
06029,Kern,CA,3.2,8.7,23,4.8,9,2.1,18.6,9.3,56.4,3,30,20.6,12.9,37.8,17.3,41.46,13.4,70892,949952.8
06001,Alameda,CA,3.3,4.4,11.2,9.3,11,0.9,8.8,4.8,23.4,1,23.4,15.8,9.4,24.1,22.3,46.17,12.6,133922,1687417.2
06085,Santa Clara,CA,3.3,4.1,10.7,2.1,10,0.9,7.1,4.7,25,1,23,15.5,9.2,25.2,20.1,46.61,11.1,146531,1626494.1
06067,Sacramento,CA,3.4,4.7,11.7,8.9,8,1.1,12,6,24.1,1,23.3,15.7,8.4,26.8,26.7,53.14,14.8,124112,1836857.6
06095,Solano,CA,3.5,4.9,11.4,12.3,5,1.2,10.1,5.4,29.6,3,23,15.5,9,23.3,29.3,47.18,12.8,43330,554624.0
06077,San Joaquin,CA,3.5,6.5,19.1,6.5,7,1.6,12.9,7.2,42.5,3,25.3,17.1,9.8,29.9,18.1,44.75,13.5,63362,855387.0
06081,San Mateo,CA,3.5,3.7,9.8,1.9,6,0.9,7.2,4.9,24.9,2,22.4,14.9,7,24.3,18.8,47.42,8.9,67781,603250.9
06017,El Dorado,CA,3.5,4.7,4.8,0.7,2,1.2,7.9,4.7,14.4,2,23.4,15.5,7,25.9,13.2,36.5,11.5,29288,336812.0
01073,Jefferson,AL,3.5,3,8.8,42.1,8,0.9,14.2,10.3,5.4,2,25.3,18.5,10.7,33,18.2,56.67,15.0,57595,863925.0
01069,Houston,AL,3.5,3,12.1,27,2,1,17,11.2,4.6,3,28.6,20.2,8.1,35.8,29.7,43.75,19.5,13620,265590.0
06047,Merced,CA,3.6,9.8,27.7,2.5,2,2.4,18.4,9.4,63.3,3,28.6,22.5,9.6,31.6,8.3,14.62,18.4,32079,590253.6
06007,Butte,CA,3.6,5.9,9.4,1.7,3,1.8,18.7,6.6,20,3,27.5,19.4,7.1,27.2,29.7,6.79,19.4,42842,831134.8
05051,Garland,AR,3.6,3.7,9.4,7.5,3,1.2,14.2,11,7.4,3,28.6,19.1,8.9,37.4,26.6,32.92,15.2,19333,293861.6
06087,Santa Cruz,CA,3.7,5.9,11.4,0.7,2,1,11.9,6.7,35.2,3,24,16.4,6.5,24.1,31.2,15.93,9.5,44192,419824.0
06075,San Francisco,CA,3.7,3.9,11,4.6,10,0.6,11.3,4.2,16.2,1,22.5,14.9,7.7,21.5,16.6,43.1,13.1,85011,1113644.1
06013,Contra Costa,CA,3.9,4.5,10.4,7.9,7,1,8.5,5.9,27.6,2,23.5,15.2,7.8,25.2,27.7,49.75,13.9,102043,1418397.7
01125,Tuscaloosa,AL,3.9,3,8.5,30.7,1,1.5,16.5,8.8,5.5,3,25.7,19.3,7.9,34.7,19.8,46.16,19.0,19804,376276.0
01043,Cullman,AL,4,2.6,13.7,0.9,1,2.2,14.1,12,5,4,25.3,16.6,9.4,39.5,23.1,44.27,19.7,11172,220088.4
01089,Madison,AL,4,2.5,7.2,23.5,2,1.2,9.6,8.3,6.7,3,25.2,18.3,7.4,33.6,17.1,33.56,13.5,44996,607446.0
01103,Morgan,AL,4,2.5,14.1,12.5,1,2,15.2,11.5,10.5,3,25.2,18.3,7.6,35.4,21.2,36.34,18.1,16813,304315.3
06097,Sonoma,CA,4.1,4.1,11.3,1.4,6,1,8.4,6.6,30,3,22.1,14.9,5.7,28.2,14.8,48.98,10.3,55333,569929.9
06061,Placer,CA,4.2,4.1,4.9,1.5,3,0.8,6.8,4.1,15.7,2,23.4,15,7.2,27.7,31,51.13,9.0,42590,383310.0
06057,Nevada,CA,4.2,4.5,5.2,0.3,2,1.3,9.6,5.5,10.7,4,25.2,18.2,6.3,25.9,36.5,16.23,10.8,25269,272905.2
04027,Yuma,AZ,4.2,12.7,22.5,1.5,1,2.5,16.6,17,64.9,3,29.3,21.6,7.9,30.4,21.1,31.09,11.7,25866,302632.2
06053,Monterey,CA,4.3,7.3,26.7,2,4,1.5,13.7,11,61.5,3,25.3,19.7,5.5,26.5,36.4,10.23,13.0,60109,781417.0
01077,Lauderdale,AL,4.3,3.1,9.4,9,1,1.7,12.8,9.7,3.4,3,25.7,18.4,8,34.8,19,36.11,16.4,14294,234421.6
06101,Sutter,CA,4.4,8.6,19.8,1.5,1,1.3,12.6,8.7,32.9,3,27,18.8,8.5,33.3,17.6,6.45,18.0,16674,300132.0
06115,Yuba,CA,4.5,6.8,14.3,3.7,1,4.9,13.5,6.9,30.7,3,26,19.6,8.7,34,12.9,12.21,20.9,11477,239869.3
06083,Santa Barbara,CA,4.5,4.5,18.1,1.5,5,1.3,15.7,10.3,48.2,3,24.6,17.9,6.8,25,30.7,16.61,8.8,65185,573628.0
05031,Craighead,AR,4.5,3.2,9.8,16.6,2,0.8,18.4,10.9,6.3,3,25.6,19.1,9,36.5,31.3,27.15,16.5,13864,228756.0
06023,Humboldt,CA,4.6,5.1,8.1,1.2,4,1.5,18,7,14.1,4,24.4,17.7,6.8,24.3,22.6,3.65,10.8,28376,306460.8
01015,Calhoun,AL,4.7,3.1,13.6,21.5,1,1.9,18.5,10.9,4.6,3,27,18.2,9.7,39.7,15.2,36.21,17.9,17511,313446.9
01101,Montgomery,AL,4.8,3.3,10.8,58.7,4,1,20.2,10.8,4.9,3,27.5,20.4,9,33.3,19.3,51.57,16.7,21238,354674.6
06079,San Luis Obispo,CA,4.8,4,7.8,1,3,1.3,12.6,6.3,24.9,3,24.4,16,7,27.1,45.6,17.97,8.3,54110,449113.0
06041,Marin,CA,4.9,3.9,7.2,2,3,0.7,9.9,4.5,19.4,2,21.9,14.9,6.4,25.1,29.4,42.11,7.6,34550,262580.0
06019,Fresno,CA,5,7.9,20.9,4.1,6,1.4,18.2,8.3,54.5,1,26.3,19.7,11.7,32.7,14.5,36.4,13.8,92663,1278749.4
08123,Weld,CO,5.1,4.4,11.3,1.2,3,1.8,9.6,9.2,30.9,3,22.5,15.2,9,28.8,41.2,44.67,11.9,25410,302379.0
06107,Tulare,CA,5.2,10.5,25.2,1.3,3,2.1,19.9,9.5,66.6,3,27.8,20.9,12.9,32.7,10,23.82,14.7,48847,718050.9
06089,Shasta,CA,5.8,5.3,7.9,0.8,3,1.3,14.6,7,11.7,3,25.8,19.5,6.6,28.7,18.8,5.81,13.0,44980,584740.0
02020,Anchorage,AK,6.3,3.8,5.9,4.8,4,0.9,8.7,11.1,9.4,3,24.5,18.1,8.3,24.9,26.6,1.33,11.3,39714,448768.2
06031,Kings,CA,6.4,8.7,24.2,5.8,1,2.9,14.4,8.7,58.2,3,26.6,20.8,12.3,34.7,3.2,24.72,17.5,13524,236670.0
06109,Tuolumne,CA,6.6,5.2,6.7,1.7,1,1.7,12.7,6,13.5,4,26.5,18.5,6.8,24.9,27.9,4.86,10.9,15297,166737.3
